,Gasolina regular,Gasolina regular,Gasolina regular,Gasolina regular,Gasolina regular,Gasolina superior,Gasolina superior,Gasolina superior,Gasolina superior,Gasolina superior,Diesel,Diesel,Diesel,Diesel,Diesel,Gas licuado de petróleo,Gas licuado de petróleo,Gas licuado de petróleo,Gas licuado de petróleo,Gas licuado de petróleo
,Gasolina regular,Gasolina superior,Diesel,Gas licuado de petróleo,Predicciones,Gasolina regular,Gasolina superior,Diesel,Gas licuado de petróleo,Predicciones,Gasolina regular,Gasolina superior,Diesel,Gas licuado de petróleo,Predicciones,Gasolina regular,Gasolina superior,Diesel,Gas licuado de petróleo,Predicciones
Fecha,,,,,,,,,,,,,,,,,,,,
2024-01-01 00:00:00,913.743799332931,564.9419688555527,556.4940331456108,727.0857251026439,,913.743799332931,564.9419688555527,556.4940331456108,727.0857251026439,,913.743799332931,564.9419688555527,556.4940331456108,727.0857251026439,,913.743799332931,564.9419688555527,556.4940331456108,727.0857251026439,
2024-01-02 00:00:00,916.9561369472158,513.3767518416466,719.1285840024564,753.8993835529819,,916.9561369472158,513.3767518416466,719.1285840024564,753.8993835529819,,916.9561369472158,513.3767518416466,719.1285840024564,753.8993835529819,,916.9561369472158,513.3767518416466,719.1285840024564,753.8993835529819,
2024-01-03 00:00:00,266.43220659107953,680.757704719337,677.7704176570345,559.2514712461025,,266.43220659107953,680.757704719337,677.7704176570345,559.2514712461025,,266.43220659107953,680.757704719337,677.7704176570345,559.2514712461025,,266.43220659107953,680.757704719337,677.7704176570345,559.2514712461025,
2024-01-04 00:00:00,355.1620213653172,526.3725465271538,310.7827526119584,924.8076408962773,,355.1620213653172,526.3725465271538,310.7827526119584,924.8076408962773,,355.1620213653172,526.3725465271538,310.7827526119584,924.8076408962773,,355.1620213653172,526.3725465271538,310.7827526119584,924.8076408962773,
2024-01-05 00:00:00,608.0482462053303,646.9757318374153,541.1889059061588,865.4948192337921,,608.0482462053303,646.9757318374153,541.1889059061588,865.4948192337921,,608.0482462053303,646.9757318374153,541.1889059061588,865.4948192337921,,608.0482462053303,646.9757318374153,541.1889059061588,865.4948192337921,
2024-01-06 00:00:00,170.67444733346224,924.9405385245525,845.7160291394671,785.6689893372567,,170.67444733346224,924.9405385245525,845.7160291394671,785.6689893372567,,170.67444733346224,924.9405385245525,845.7160291394671,785.6689893372567,,170.67444733346224,924.9405385245525,845.7160291394671,785.6689893372567,
2024-01-07 00:00:00,682.7986045555544,641.9393564740949,812.0048150249158,300.3036415784848,,682.7986045555544,641.9393564740949,812.0048150249158,300.3036415784848,,682.7986045555544,641.9393564740949,812.0048150249158,300.3036415784848,,682.7986045555544,641.9393564740949,812.0048150249158,300.3036415784848,
2024-01-08 00:00:00,727.8557779490613,944.0635691586964,651.8267059851887,916.9633090690393,,727.8557779490613,944.0635691586964,651.8267059851887,916.9633090690393,,727.8557779490613,944.0635691586964,651.8267059851887,916.9633090690393,,727.8557779490613,944.0635691586964,651.8267059851887,916.9633090690393,
2024-01-09 00:00:00,265.997202212361,815.2370195796015,767.6112498356101,216.8659274403405,,265.997202212361,815.2370195796015,767.6112498356101,216.8659274403405,,265.997202212361,815.2370195796015,767.6112498356101,216.8659274403405,,265.997202212361,815.2370195796015,767.6112498356101,216.8659274403405,
2024-01-10 00:00:00,791.5702734495585,494.7733477325652,203.8872479824583,541.8986186498782,,791.5702734495585,494.7733477325652,203.8872479824583,541.8986186498782,,791.5702734495585,494.7733477325652,203.8872479824583,541.8986186498782,,791.5702734495585,494.7733477325652,203.8872479824583,541.8986186498782,
2024-01-11 00:00:00,788.0054826185226,672.5532223730829,270.9958300535938,391.89310969216586,,788.0054826185226,672.5532223730829,270.9958300535938,391.89310969216586,,788.0054826185226,672.5532223730829,270.9958300535938,391.89310969216586,,788.0054826185226,672.5532223730829,270.9958300535938,391.89310969216586,
2024-01-12 00:00:00,554.3058325677986,570.2820476766884,660.9871499564862,118.44736558274087,,554.3058325677986,570.2820476766884,660.9871499564862,118.44736558274087,,554.3058325677986,570.2820476766884,660.9871499564862,118.44736558274087,,554.3058325677986,570.2820476766884,660.9871499564862,118.44736558274087,
2024-01-13 00:00:00,809.6785586186512,204.77591618331138,554.0629603185847,828.6415977585137,,809.6785586186512,204.77591618331138,554.0629603185847,828.6415977585137,,809.6785586186512,204.77591618331138,554.0629603185847,828.6415977585137,,809.6785586186512,204.77591618331138,554.0629603185847,828.6415977585137,
2024-01-14 00:00:00,129.83619788760473,930.6135211482398,740.4149654069496,646.543986204692,,129.83619788760473,930.6135211482398,740.4149654069496,646.543986204692,,129.83619788760473,930.6135211482398,740.4149654069496,646.543986204692,,129.83619788760473,930.6135211482398,740.4149654069496,646.543986204692,
2024-01-15 00:00:00,223.5476277190512,442.244627050846,88.27966932429668,257.3486401277243,,223.5476277190512,442.244627050846,88.27966932429668,257.3486401277243,,223.5476277190512,442.244627050846,88.27966932429668,257.3486401277243,,223.5476277190512,442.244627050846,88.27966932429668,257.3486401277243,
2024-01-16 00:00:00,321.2984673168244,805.929272057747,364.9999834221277,590.2797416673911,,321.2984673168244,805.929272057747,364.9999834221277,590.2797416673911,,321.2984673168244,805.929272057747,364.9999834221277,590.2797416673911,,321.2984673168244,805.929272057747,364.9999834221277,590.2797416673911,
2024-01-17 00:00:00,705.2747449705028,690.6185500805987,65.99003325312879,886.1903611132243,,705.2747449705028,690.6185500805987,65.99003325312879,886.1903611132243,,705.2747449705028,690.6185500805987,65.99003325312879,886.1903611132243,,705.2747449705028,690.6185500805987,65.99003325312879,886.1903611132243,
2024-01-18 00:00:00,233.48755567339745,207.3975276904088,720.1738168738008,644.8140623448824,,233.48755567339745,207.3975276904088,720.1738168738008,644.8140623448824,,233.48755567339745,207.3975276904088,720.1738168738008,644.8140623448824,,233.48755567339745,207.3975276904088,720.1738168738008,644.8140623448824,
2024-01-19 00:00:00,121.66316452717513,761.067610994401,62.10167849553049,320.1598651493897,,121.66316452717513,761.067610994401,62.10167849553049,320.1598651493897,,121.66316452717513,761.067610994401,62.10167849553049,320.1598651493897,,121.66316452717513,761.067610994401,62.10167849553049,320.1598651493897,
2024-01-20 00:00:00,589.5274004809044,342.40335835321173,690.8865291796952,578.9726725172078,,589.5274004809044,342.40335835321173,690.8865291796952,578.9726725172078,,589.5274004809044,342.40335835321173,690.8865291796952,578.9726725172078,,589.5274004809044,342.40335835321173,690.8865291796952,578.9726725172078,
2024-01-21 00:00:00,578.8215798943874,455.8803312094818,811.9034343011343,460.8648938104412,,578.8215798943874,455.8803312094818,811.9034343011343,460.8648938104412,,578.8215798943874,455.8803312094818,811.9034343011343,460.8648938104412,,578.8215798943874,455.8803312094818,811.9034343011343,460.8648938104412,
2024-01-22 00:00:00,434.9848858341961,174.79658947829782,715.9482724919549,746.7094910147927,,434.9848858341961,174.79658947829782,715.9482724919549,746.7094910147927,,434.9848858341961,174.79658947829782,715.9482724919549,746.7094910147927,,434.9848858341961,174.79658947829782,715.9482724919549,746.7094910147927,
2024-01-23 00:00:00,594.2977382827914,496.1364259666341,169.5378045625138,580.5488687556693,,594.2977382827914,496.1364259666341,169.5378045625138,580.5488687556693,,594.2977382827914,496.1364259666341,169.5378045625138,580.5488687556693,,594.2977382827914,496.1364259666341,169.5378045625138,580.5488687556693,
2024-01-24 00:00:00,798.2405781277974,525.4736545077338,241.04620047798167,172.3262943027666,,798.2405781277974,525.4736545077338,241.04620047798167,172.3262943027666,,798.2405781277974,525.4736545077338,241.04620047798167,172.3262943027666,,798.2405781277974,525.4736545077338,241.04620047798167,172.3262943027666,
2024-01-25 00:00:00,255.18638181275037,509.50578395812533,493.31191615317823,311.1918632633957,,255.18638181275037,509.50578395812533,493.31191615317823,311.1918632633957,,255.18638181275037,509.50578395812533,493.31191615317823,311.1918632633957,,255.18638181275037,509.50578395812533,493.31191615317823,311.1918632633957,
2024-01-26 00:00:00,317.13595996316576,481.6064415474142,752.854746256327,161.66603845353714,,317.13595996316576,481.6064415474142,752.854746256327,161.66603845353714,,317.13595996316576,481.6064415474142,752.854746256327,161.66603845353714,,317.13595996316576,481.6064415474142,752.854746256327,161.66603845353714,
2024-01-27 00:00:00,693.2415054301947,306.17337583069695,716.1442228427295,385.60324995979164,,693.2415054301947,306.17337583069695,716.1442228427295,385.60324995979164,,693.2415054301947,306.17337583069695,716.1442228427295,385.60324995979164,,693.2415054301947,306.17337583069695,716.1442228427295,385.60324995979164,
2024-01-28 00:00:00,311.4537285163135,883.3111923016843,209.22734964347006,342.4849050200767,,311.4537285163135,883.3111923016843,209.22734964347006,342.4849050200767,,311.4537285163135,883.3111923016843,209.22734964347006,342.4849050200767,,311.4537285163135,883.3111923016843,209.22734964347006,342.4849050200767,
2024-01-29 00:00:00,204.4865754787409,191.808819735042,621.7383723413158,151.27323481874333,,204.4865754787409,191.808819735042,621.7383723413158,151.27323481874333,,204.4865754787409,191.808819735042,621.7383723413158,151.27323481874333,,204.4865754787409,191.808819735042,621.7383723413158,151.27323481874333,
2024-01-30 00:00:00,524.2464892645205,248.79107873274427,617.9689119658901,843.3343644847319,,524.2464892645205,248.79107873274427,617.9689119658901,843.3343644847319,,524.2464892645205,248.79107873274427,617.9689119658901,843.3343644847319,,524.2464892645205,248.79107873274427,617.9689119658901,843.3343644847319,
2024-01-31 00:00:00,825.1353203669698,709.8974346240984,404.4709546588065,255.89421011231735,,825.1353203669698,709.8974346240984,404.4709546588065,255.89421011231735,,825.1353203669698,709.8974346240984,404.4709546588065,255.89421011231735,,825.1353203669698,709.8974346240984,404.4709546588065,255.89421011231735,
2024-02-01 00:00:00,130.06329290861967,233.6287563102842,573.3445031174688,141.04306126689403,,130.06329290861967,233.6287563102842,573.3445031174688,141.04306126689403,,130.06329290861967,233.6287563102842,573.3445031174688,141.04306126689403,,130.06329290861967,233.6287563102842,573.3445031174688,141.04306126689403,
2024-02-02 00:00:00,821.5172117798833,437.3680324639587,197.51364286522704,450.26595609900664,,821.5172117798833,437.3680324639587,197.51364286522704,450.26595609900664,,821.5172117798833,437.3680324639587,197.51364286522704,450.26595609900664,,821.5172117798833,437.3680324639587,197.51364286522704,450.26595609900664,
2024-02-03 00:00:00,442.6692155112544,689.9717364362383,398.9836842098824,495.81043851137946,,442.6692155112544,689.9717364362383,398.9836842098824,495.81043851137946,,442.6692155112544,689.9717364362383,398.9836842098824,495.81043851137946,,442.6692155112544,689.9717364362383,398.9836842098824,495.81043851137946,
2024-02-04 00:00:00,125.5396999111289,659.8104545847422,528.0459033200564,110.81891144139429,,125.5396999111289,659.8104545847422,528.0459033200564,110.81891144139429,,125.5396999111289,659.8104545847422,528.0459033200564,110.81891144139429,,125.5396999111289,659.8104545847422,528.0459033200564,110.81891144139429,
2024-02-05 00:00:00,353.071096561329,611.1134185130095,443.9604295031829,568.0151108911713,,353.071096561329,611.1134185130095,443.9604295031829,568.0151108911713,,353.071096561329,611.1134185130095,443.9604295031829,568.0151108911713,,353.071096561329,611.1134185130095,443.9604295031829,568.0151108911713,
2024-02-06 00:00:00,406.2163363830633,248.22831935100183,23.63466465152567,881.0658808428406,,406.2163363830633,248.22831935100183,23.63466465152567,881.0658808428406,,406.2163363830633,248.22831935100183,23.63466465152567,881.0658808428406,,406.2163363830633,248.22831935100183,23.63466465152567,881.0658808428406,
2024-02-07 00:00:00,448.8364344353006,664.6916648655832,303.57734861408886,201.99747168403013,,448.8364344353006,664.6916648655832,303.57734861408886,201.99747168403013,,448.8364344353006,664.6916648655832,303.57734861408886,201.99747168403013,,448.8364344353006,664.6916648655832,303.57734861408886,201.99747168403013,
2024-02-08 00:00:00,95.31253992655552,547.0389336610241,787.4132744118522,919.9927434349235,,95.31253992655552,547.0389336610241,787.4132744118522,919.9927434349235,,95.31253992655552,547.0389336610241,787.4132744118522,919.9927434349235,,95.31253992655552,547.0389336610241,787.4132744118522,919.9927434349235,
2024-02-09 00:00:00,361.3362946975982,261.21634337127773,747.2164815874469,310.4949240895271,,361.3362946975982,261.21634337127773,747.2164815874469,310.4949240895271,,361.3362946975982,261.21634337127773,747.2164815874469,310.4949240895271,,361.3362946975982,261.21634337127773,747.2164815874469,310.4949240895271,
2024-02-10 00:00:00,909.9946738829574,624.8761005645424,7.245351222713721,764.3075436860657,,909.9946738829574,624.8761005645424,7.245351222713721,764.3075436860657,,909.9946738829574,624.8761005645424,7.245351222713721,764.3075436860657,,909.9946738829574,624.8761005645424,7.245351222713721,764.3075436860657,
2024-02-11 00:00:00,281.16981517389956,310.54825150039187,475.00011762818735,451.5899650422575,,281.16981517389956,310.54825150039187,475.00011762818735,451.5899650422575,,281.16981517389956,310.54825150039187,475.00011762818735,451.5899650422575,,281.16981517389956,310.54825150039187,475.00011762818735,451.5899650422575,
2024-02-12 00:00:00,961.5139386885853,391.1039169513821,543.7064076836822,700.2255242994518,,961.5139386885853,391.1039169513821,543.7064076836822,700.2255242994518,,961.5139386885853,391.1039169513821,543.7064076836822,700.2255242994518,,961.5139386885853,391.1039169513821,543.7064076836822,700.2255242994518,
2024-02-13 00:00:00,441.67885315022,768.7994080381626,548.3761546269975,879.9188602556192,,441.67885315022,768.7994080381626,548.3761546269975,879.9188602556192,,441.67885315022,768.7994080381626,548.3761546269975,879.9188602556192,,441.67885315022,768.7994080381626,548.3761546269975,879.9188602556192,
2024-02-14 00:00:00,519.0679426974021,345.6110569580701,408.9318067300063,437.8911193274751,,519.0679426974021,345.6110569580701,408.9318067300063,437.8911193274751,,519.0679426974021,345.6110569580701,408.9318067300063,437.8911193274751,,519.0679426974021,345.6110569580701,408.9318067300063,437.8911193274751,
2024-02-15 00:00:00,519.0767828327021,703.0415046361124,572.6399990109894,162.60771008918684,,519.0767828327021,703.0415046361124,572.6399990109894,162.60771008918684,,519.0767828327021,703.0415046361124,572.6399990109894,162.60771008918684,,519.0767828327021,703.0415046361124,572.6399990109894,162.60771008918684,
2024-02-16 00:00:00,437.37455335467075,247.6389354463485,583.6052021131184,221.5643085291762,,437.37455335467075,247.6389354463485,583.6052021131184,221.5643085291762,,437.37455335467075,247.6389354463485,583.6052021131184,221.5643085291762,,437.37455335467075,247.6389354463485,583.6052021131184,221.5643085291762,
2024-02-17 00:00:00,905.4024016774001,727.1080911141813,182.86675039232523,287.36317271772697,,905.4024016774001,727.1080911141813,182.86675039232523,287.36317271772697,,905.4024016774001,727.1080911141813,182.86675039232523,287.36317271772697,,905.4024016774001,727.1080911141813,182.86675039232523,287.36317271772697,
2024-02-18 00:00:00,225.29796516964038,926.72817104708,34.316337772016205,420.0719919653332,,225.29796516964038,926.72817104708,34.316337772016205,420.0719919653332,,225.29796516964038,926.72817104708,34.316337772016205,420.0719919653332,,225.29796516964038,926.72817104708,34.316337772016205,420.0719919653332,
2024-02-19 00:00:00,149.36869772884896,353.31879052619286,77.05592337623067,307.4636985390357,,149.36869772884896,353.31879052619286,77.05592337623067,307.4636985390357,,149.36869772884896,353.31879052619286,77.05592337623067,307.4636985390357,,149.36869772884896,353.31879052619286,77.05592337623067,307.4636985390357,
2024-02-20 00:00:00,593.3000224980126,343.4215717993821,51.65828876251509,302.1511682196742,,593.3000224980126,343.4215717993821,51.65828876251509,302.1511682196742,,593.3000224980126,343.4215717993821,51.65828876251509,302.1511682196742,,593.3000224980126,343.4215717993821,51.65828876251509,302.1511682196742,
2024-02-21 00:00:00,353.9881160026482,244.26098460924055,643.2429784374629,921.7669208634966,,353.9881160026482,244.26098460924055,643.2429784374629,921.7669208634966,,353.9881160026482,244.26098460924055,643.2429784374629,921.7669208634966,,353.9881160026482,244.26098460924055,643.2429784374629,921.7669208634966,
2024-02-22 00:00:00,181.84618840989987,455.7459382359881,781.8874123356755,413.2559741263335,,181.84618840989987,455.7459382359881,781.8874123356755,413.2559741263335,,181.84618840989987,455.7459382359881,781.8874123356755,413.2559741263335,,181.84618840989987,455.7459382359881,781.8874123356755,413.2559741263335,
2024-02-23 00:00:00,174.29806930508204,866.7928151383763,45.56860965152488,557.1613325091921,,174.29806930508204,866.7928151383763,45.56860965152488,557.1613325091921,,174.29806930508204,866.7928151383763,45.56860965152488,557.1613325091921,,174.29806930508204,866.7928151383763,45.56860965152488,557.1613325091921,
2024-02-24 00:00:00,572.8492173111956,524.0746992081608,35.13513066429939,353.7939579994447,,572.8492173111956,524.0746992081608,35.13513066429939,353.7939579994447,,572.8492173111956,524.0746992081608,35.13513066429939,353.7939579994447,,572.8492173111956,524.0746992081608,35.13513066429939,353.7939579994447,
2024-02-25 00:00:00,875.6048909297468,250.72018125613477,382.9504256079077,111.0892272074957,,875.6048909297468,250.72018125613477,382.9504256079077,111.0892272074957,,875.6048909297468,250.72018125613477,382.9504256079077,111.0892272074957,,875.6048909297468,250.72018125613477,382.9504256079077,111.0892272074957,
2024-02-26 00:00:00,394.94274358611904,445.51004484945645,336.09251707297796,181.5226745542945,,394.94274358611904,445.51004484945645,336.09251707297796,181.5226745542945,,394.94274358611904,445.51004484945645,336.09251707297796,181.5226745542945,,394.94274358611904,445.51004484945645,336.09251707297796,181.5226745542945,
2024-02-27 00:00:00,614.7758176330195,936.4060127630418,139.82570156148188,717.9779341790169,,614.7758176330195,936.4060127630418,139.82570156148188,717.9779341790169,,614.7758176330195,936.4060127630418,139.82570156148188,717.9779341790169,,614.7758176330195,936.4060127630418,139.82570156148188,717.9779341790169,
2024-02-28 00:00:00,598.3141502348066,498.6014789563724,522.801534214877,635.6217111322561,,598.3141502348066,498.6014789563724,522.801534214877,635.6217111322561,,598.3141502348066,498.6014789563724,522.801534214877,635.6217111322561,,598.3141502348066,498.6014789563724,522.801534214877,635.6217111322561,
2024-02-29 00:00:00,518.7756936199877,234.0406349046911,71.90197864210808,159.40545754687216,,518.7756936199877,234.0406349046911,71.90197864210808,159.40545754687216,,518.7756936199877,234.0406349046911,71.90197864210808,159.40545754687216,,518.7756936199877,234.0406349046911,71.90197864210808,159.40545754687216,
2024-03-01 00:00:00,626.0170550856321,611.3233440267438,38.02601618396472,358.81591178286436,,626.0170550856321,611.3233440267438,38.02601618396472,358.81591178286436,,626.0170550856321,611.3233440267438,38.02601618396472,358.81591178286436,,626.0170550856321,611.3233440267438,38.02601618396472,358.81591178286436,
2024-03-02 00:00:00,761.4641397102674,353.3181831870379,282.0446386572953,129.339891545778,,761.4641397102674,353.3181831870379,282.0446386572953,129.339891545778,,761.4641397102674,353.3181831870379,282.0446386572953,129.339891545778,,761.4641397102674,353.3181831870379,282.0446386572953,129.339891545778,
2024-03-03 00:00:00,731.422344641578,178.18960501493913,838.6079754658616,270.9341538330581,,731.422344641578,178.18960501493913,838.6079754658616,270.9341538330581,,731.422344641578,178.18960501493913,838.6079754658616,270.9341538330581,,731.422344641578,178.18960501493913,838.6079754658616,270.9341538330581,
2024-03-04 00:00:00,808.3886770101849,294.4509790540412,444.2297184105057,551.506580433361,,808.3886770101849,294.4509790540412,444.2297184105057,551.506580433361,,808.3886770101849,294.4509790540412,444.2297184105057,551.506580433361,,808.3886770101849,294.4509790540412,444.2297184105057,551.506580433361,
2024-03-05 00:00:00,574.3506960254829,190.58440946673568,860.7670030508451,500.4399037808114,,574.3506960254829,190.58440946673568,860.7670030508451,500.4399037808114,,574.3506960254829,190.58440946673568,860.7670030508451,500.4399037808114,,574.3506960254829,190.58440946673568,860.7670030508451,500.4399037808114,
2024-03-06 00:00:00,450.4658142628608,878.9446401425841,324.2841193175958,600.002841529624,,450.4658142628608,878.9446401425841,324.2841193175958,600.002841529624,,450.4658142628608,878.9446401425841,324.2841193175958,600.002841529624,,450.4658142628608,878.9446401425841,324.2841193175958,600.002841529624,
2024-03-07 00:00:00,488.0680777515,190.34665997868672,791.5084265645048,110.92382364542888,,488.0680777515,190.34665997868672,791.5084265645048,110.92382364542888,,488.0680777515,190.34665997868672,791.5084265645048,110.92382364542888,,488.0680777515,190.34665997868672,791.5084265645048,110.92382364542888,
2024-03-08 00:00:00,890.5169512096306,410.5992223408739,85.09659237990914,552.6383098602863,,890.5169512096306,410.5992223408739,85.09659237990914,552.6383098602863,,890.5169512096306,410.5992223408739,85.09659237990914,552.6383098602863,,890.5169512096306,410.5992223408739,85.09659237990914,552.6383098602863,
2024-03-09 00:00:00,574.5420816890112,913.4262894930187,470.7492805983802,548.4972721027775,,574.5420816890112,913.4262894930187,470.7492805983802,548.4972721027775,,574.5420816890112,913.4262894930187,470.7492805983802,548.4972721027775,,574.5420816890112,913.4262894930187,470.7492805983802,548.4972721027775,
2024-03-10 00:00:00,141.234885915573,215.11214413858534,672.9158598470874,157.00117964229003,,141.234885915573,215.11214413858534,672.9158598470874,157.00117964229003,,141.234885915573,215.11214413858534,672.9158598470874,157.00117964229003,,141.234885915573,215.11214413858534,672.9158598470874,157.00117964229003,
2024-03-11 00:00:00,82.6992718225993,453.8980600898923,282.6609012209374,521.9515228185485,,82.6992718225993,453.8980600898923,282.6609012209374,521.9515228185485,,82.6992718225993,453.8980600898923,282.6609012209374,521.9515228185485,,82.6992718225993,453.8980600898923,282.6609012209374,521.9515228185485,
2024-03-12 00:00:00,337.7843272766785,240.1926979547039,30.96043504114923,698.5294797100973,,337.7843272766785,240.1926979547039,30.96043504114923,698.5294797100973,,337.7843272766785,240.1926979547039,30.96043504114923,698.5294797100973,,337.7843272766785,240.1926979547039,30.96043504114923,698.5294797100973,
2024-03-13 00:00:00,412.9122551177833,558.4351808965354,61.46320437276915,143.74255432503878,,412.9122551177833,558.4351808965354,61.46320437276915,143.74255432503878,,412.9122551177833,558.4351808965354,61.46320437276915,143.74255432503878,,412.9122551177833,558.4351808965354,61.46320437276915,143.74255432503878,
2024-03-14 00:00:00,837.2410006136275,637.7024947888252,618.8716637567712,761.9102208445616,,837.2410006136275,637.7024947888252,618.8716637567712,761.9102208445616,,837.2410006136275,637.7024947888252,618.8716637567712,761.9102208445616,,837.2410006136275,637.7024947888252,618.8716637567712,761.9102208445616,
2024-03-15 00:00:00,441.6929554938598,784.6387789551935,719.7076277154856,570.4381227048472,,441.6929554938598,784.6387789551935,719.7076277154856,570.4381227048472,,441.6929554938598,784.6387789551935,719.7076277154856,570.4381227048472,,441.6929554938598,784.6387789551935,719.7076277154856,570.4381227048472,
2024-03-16 00:00:00,725.2113549035453,941.7727488768846,885.4308635365248,715.2031857009213,,725.2113549035453,941.7727488768846,885.4308635365248,715.2031857009213,,725.2113549035453,941.7727488768846,885.4308635365248,715.2031857009213,,725.2113549035453,941.7727488768846,885.4308635365248,715.2031857009213,
2024-03-17 00:00:00,641.8762439446518,268.61488645205503,127.3828329329726,300.35502665250925,,641.8762439446518,268.61488645205503,127.3828329329726,300.35502665250925,,641.8762439446518,268.61488645205503,127.3828329329726,300.35502665250925,,641.8762439446518,268.61488645205503,127.3828329329726,300.35502665250925,
2024-03-18 00:00:00,969.9211826059145,583.716506837273,568.867310255015,499.18984647145504,,969.9211826059145,583.716506837273,568.867310255015,499.18984647145504,,969.9211826059145,583.716506837273,568.867310255015,499.18984647145504,,969.9211826059145,583.716506837273,568.867310255015,499.18984647145504,
2024-03-19 00:00:00,263.26010816028713,758.3489279878619,254.67870821647637,717.7753450426737,,263.26010816028713,758.3489279878619,254.67870821647637,717.7753450426737,,263.26010816028713,758.3489279878619,254.67870821647637,717.7753450426737,,263.26010816028713,758.3489279878619,254.67870821647637,717.7753450426737,
2024-03-20 00:00:00,359.63029951913745,504.42265046761077,40.84399688401608,380.2542979834999,,359.63029951913745,504.42265046761077,40.84399688401608,380.2542979834999,,359.63029951913745,504.42265046761077,40.84399688401608,380.2542979834999,,359.63029951913745,504.42265046761077,40.84399688401608,380.2542979834999,
2024-03-21 00:00:00,233.16458163048873,771.8902397794209,330.1643023963719,192.12970858758786,,233.16458163048873,771.8902397794209,330.1643023963719,192.12970858758786,,233.16458163048873,771.8902397794209,330.1643023963719,192.12970858758786,,233.16458163048873,771.8902397794209,330.1643023963719,192.12970858758786,
2024-03-22 00:00:00,111.4829206861858,411.1641042361926,372.326418986945,913.0079328604228,,111.4829206861858,411.1641042361926,372.326418986945,913.0079328604228,,111.4829206861858,411.1641042361926,372.326418986945,913.0079328604228,,111.4829206861858,411.1641042361926,372.326418986945,913.0079328604228,
2024-03-23 00:00:00,617.4857460819522,508.87113586440944,187.76914013904212,718.8517707804776,,617.4857460819522,508.87113586440944,187.76914013904212,718.8517707804776,,617.4857460819522,508.87113586440944,187.76914013904212,718.8517707804776,,617.4857460819522,508.87113586440944,187.76914013904212,718.8517707804776,
2024-03-24 00:00:00,453.11122951533684,538.0205326512138,696.8672175660373,564.5925461347612,,453.11122951533684,538.0205326512138,696.8672175660373,564.5925461347612,,453.11122951533684,538.0205326512138,696.8672175660373,564.5925461347612,,453.11122951533684,538.0205326512138,696.8672175660373,564.5925461347612,
2024-03-25 00:00:00,978.1201435062615,296.4072161342154,391.3811482532193,904.7300914090706,,978.1201435062615,296.4072161342154,391.3811482532193,904.7300914090706,,978.1201435062615,296.4072161342154,391.3811482532193,904.7300914090706,,978.1201435062615,296.4072161342154,391.3811482532193,904.7300914090706,
2024-03-26 00:00:00,958.3494476880661,534.5262030613325,540.4300679007096,784.1674123359313,,958.3494476880661,534.5262030613325,540.4300679007096,784.1674123359313,,958.3494476880661,534.5262030613325,540.4300679007096,784.1674123359313,,958.3494476880661,534.5262030613325,540.4300679007096,784.1674123359313,
2024-03-27 00:00:00,284.29964619040163,921.1499679611352,705.5600023461323,141.98430440145546,,284.29964619040163,921.1499679611352,705.5600023461323,141.98430440145546,,284.29964619040163,921.1499679611352,705.5600023461323,141.98430440145546,,284.29964619040163,921.1499679611352,705.5600023461323,141.98430440145546,
2024-03-28 00:00:00,688.7988238386,591.1479916404227,747.6702421071391,133.05290702372736,,688.7988238386,591.1479916404227,747.6702421071391,133.05290702372736,,688.7988238386,591.1479916404227,747.6702421071391,133.05290702372736,,688.7988238386,591.1479916404227,747.6702421071391,133.05290702372736,
2024-03-29 00:00:00,784.297676140244,734.1439003661881,561.4090048322405,833.1992100361695,,784.297676140244,734.1439003661881,561.4090048322405,833.1992100361695,,784.297676140244,734.1439003661881,561.4090048322405,833.1992100361695,,784.297676140244,734.1439003661881,561.4090048322405,833.1992100361695,
2024-03-30 00:00:00,591.9736910540349,646.2759655751285,92.81425701908171,558.4350583327968,,591.9736910540349,646.2759655751285,92.81425701908171,558.4350583327968,,591.9736910540349,646.2759655751285,92.81425701908171,558.4350583327968,,591.9736910540349,646.2759655751285,92.81425701908171,558.4350583327968,
2024-03-31 00:00:00,852.7566746943727,412.9401424971306,556.5096766874864,879.5486095254477,,852.7566746943727,412.9401424971306,556.5096766874864,879.5486095254477,,852.7566746943727,412.9401424971306,556.5096766874864,879.5486095254477,,852.7566746943727,412.9401424971306,556.5096766874864,879.5486095254477,
2024-04-01 00:00:00,213.48838955842174,784.5942085185243,150.01937628720577,851.2761667432982,,213.48838955842174,784.5942085185243,150.01937628720577,851.2761667432982,,213.48838955842174,784.5942085185243,150.01937628720577,851.2761667432982,,213.48838955842174,784.5942085185243,150.01937628720577,851.2761667432982,
2024-04-02 00:00:00,970.4142633404098,438.65811852955005,679.8925036363271,662.9519138530453,,970.4142633404098,438.65811852955005,679.8925036363271,662.9519138530453,,970.4142633404098,438.65811852955005,679.8925036363271,662.9519138530453,,970.4142633404098,438.65811852955005,679.8925036363271,662.9519138530453,
2024-04-03 00:00:00,480.3754609958811,238.8510764669403,63.77979892999843,684.2724321988463,,480.3754609958811,238.8510764669403,63.77979892999843,684.2724321988463,,480.3754609958811,238.8510764669403,63.77979892999843,684.2724321988463,,480.3754609958811,238.8510764669403,63.77979892999843,684.2724321988463,
2024-04-04 00:00:00,787.4019649898519,418.53871550392216,575.8014474967333,224.57815301321534,,787.4019649898519,418.53871550392216,575.8014474967333,224.57815301321534,,787.4019649898519,418.53871550392216,575.8014474967333,224.57815301321534,,787.4019649898519,418.53871550392216,575.8014474967333,224.57815301321534,
2024-04-05 00:00:00,216.2237469836768,567.0806601255364,605.6135927690337,616.4246718418849,,216.2237469836768,567.0806601255364,605.6135927690337,616.4246718418849,,216.2237469836768,567.0806601255364,605.6135927690337,616.4246718418849,,216.2237469836768,567.0806601255364,605.6135927690337,616.4246718418849,
2024-04-06 00:00:00,104.53177051451765,219.1295123659872,344.91258463113417,813.8614625892857,,104.53177051451765,219.1295123659872,344.91258463113417,813.8614625892857,,104.53177051451765,219.1295123659872,344.91258463113417,813.8614625892857,,104.53177051451765,219.1295123659872,344.91258463113417,813.8614625892857,
2024-04-07 00:00:00,637.7750090727138,239.5879824798848,263.26300039913195,186.62258657825714,,637.7750090727138,239.5879824798848,263.26300039913195,186.62258657825714,,637.7750090727138,239.5879824798848,263.26300039913195,186.62258657825714,,637.7750090727138,239.5879824798848,263.26300039913195,186.62258657825714,
2024-04-08 00:00:00,487.6940812903231,600.265920151148,514.9887344991125,149.95031619267093,,487.6940812903231,600.265920151148,514.9887344991125,149.95031619267093,,487.6940812903231,600.265920151148,514.9887344991125,149.95031619267093,,487.6940812903231,600.265920151148,514.9887344991125,149.95031619267093,
2024-04-09 00:00:00,721.1448835229646,426.7398026792372,813.6993758899844,200.8369916430958,,721.1448835229646,426.7398026792372,813.6993758899844,200.8369916430958,,721.1448835229646,426.7398026792372,813.6993758899844,200.8369916430958,,721.1448835229646,426.7398026792372,813.6993758899844,200.8369916430958,
2024-04-10 00:00:00,661.1901577587611,346.42572301962,84.05234346524746,429.599200108522,,661.1901577587611,346.42572301962,84.05234346524746,429.599200108522,,661.1901577587611,346.42572301962,84.05234346524746,429.599200108522,,661.1901577587611,346.42572301962,84.05234346524746,429.599200108522,
2024-04-11 00:00:00,193.9769124180877,698.0413689731517,143.37273457122302,806.1564278416809,,193.9769124180877,698.0413689731517,143.37273457122302,806.1564278416809,,193.9769124180877,698.0413689731517,143.37273457122302,806.1564278416809,,193.9769124180877,698.0413689731517,143.37273457122302,806.1564278416809,
2024-04-12 00:00:00,879.5328537862258,411.07926455919034,701.8119737045615,497.66373551303684,,879.5328537862258,411.07926455919034,701.8119737045615,497.66373551303684,,879.5328537862258,411.07926455919034,701.8119737045615,497.66373551303684,,879.5328537862258,411.07926455919034,701.8119737045615,497.66373551303684,
2024-04-13 00:00:00,96.05667721264105,194.29358077341257,250.84985179566743,118.34421498874399,,96.05667721264105,194.29358077341257,250.84985179566743,118.34421498874399,,96.05667721264105,194.29358077341257,250.84985179566743,118.34421498874399,,96.05667721264105,194.29358077341257,250.84985179566743,118.34421498874399,
2024-04-14 00:00:00,374.76160677232326,557.497009333095,277.4195166920061,655.7937975007058,,374.76160677232326,557.497009333095,277.4195166920061,655.7937975007058,,374.76160677232326,557.497009333095,277.4195166920061,655.7937975007058,,374.76160677232326,557.497009333095,277.4195166920061,655.7937975007058,
2024-04-15 00:00:00,558.9291220534711,375.52078351189505,245.4834689480276,449.49513849181074,,558.9291220534711,375.52078351189505,245.4834689480276,449.49513849181074,,558.9291220534711,375.52078351189505,245.4834689480276,449.49513849181074,,558.9291220534711,375.52078351189505,245.4834689480276,449.49513849181074,
2024-04-16 00:00:00,833.7618208632122,484.34260043446966,674.8032813369541,727.2144412610947,,833.7618208632122,484.34260043446966,674.8032813369541,727.2144412610947,,833.7618208632122,484.34260043446966,674.8032813369541,727.2144412610947,,833.7618208632122,484.34260043446966,674.8032813369541,727.2144412610947,
2024-04-17 00:00:00,821.6670533706423,341.10459120244616,769.7054389272757,688.1767659864565,,821.6670533706423,341.10459120244616,769.7054389272757,688.1767659864565,,821.6670533706423,341.10459120244616,769.7054389272757,688.1767659864565,,821.6670533706423,341.10459120244616,769.7054389272757,688.1767659864565,
2024-04-18 00:00:00,547.4330323174279,230.11237109860878,806.1014200809178,596.9413995518602,,547.4330323174279,230.11237109860878,806.1014200809178,596.9413995518602,,547.4330323174279,230.11237109860878,806.1014200809178,596.9413995518602,,547.4330323174279,230.11237109860878,806.1014200809178,596.9413995518602,
2024-04-19 00:00:00,962.2569234102086,786.7223411875332,770.647638059734,185.50037303529353,,962.2569234102086,786.7223411875332,770.647638059734,185.50037303529353,,962.2569234102086,786.7223411875332,770.647638059734,185.50037303529353,,962.2569234102086,786.7223411875332,770.647638059734,185.50037303529353,
2024-04-20 00:00:00,664.5800258750305,319.8280007463941,545.7757652175175,405.6895648826075,,664.5800258750305,319.8280007463941,545.7757652175175,405.6895648826075,,664.5800258750305,319.8280007463941,545.7757652175175,405.6895648826075,,664.5800258750305,319.8280007463941,545.7757652175175,405.6895648826075,
2024-04-21 00:00:00,572.0339987731795,759.6050901279791,530.416743518555,753.0530711642483,,572.0339987731795,759.6050901279791,530.416743518555,753.0530711642483,,572.0339987731795,759.6050901279791,530.416743518555,753.0530711642483,,572.0339987731795,759.6050901279791,530.416743518555,753.0530711642483,
2024-04-22 00:00:00,777.5143847049685,911.0941775012791,250.2659735499725,245.92438496669524,,777.5143847049685,911.0941775012791,250.2659735499725,245.92438496669524,,777.5143847049685,911.0941775012791,250.2659735499725,245.92438496669524,,777.5143847049685,911.0941775012791,250.2659735499725,245.92438496669524,
2024-04-23 00:00:00,286.6045046724258,847.5394097365356,127.47720818478248,160.39259903221313,,286.6045046724258,847.5394097365356,127.47720818478248,160.39259903221313,,286.6045046724258,847.5394097365356,127.47720818478248,160.39259903221313,,286.6045046724258,847.5394097365356,127.47720818478248,160.39259903221313,
2024-04-24 00:00:00,655.480912647347,441.06452871196484,702.1858669943173,525.2022235794997,,655.480912647347,441.06452871196484,702.1858669943173,525.2022235794997,,655.480912647347,441.06452871196484,702.1858669943173,525.2022235794997,,655.480912647347,441.06452871196484,702.1858669943173,525.2022235794997,
2024-04-25 00:00:00,138.13069253602427,191.76952173211623,433.15366416943766,535.9034890153005,,138.13069253602427,191.76952173211623,433.15366416943766,535.9034890153005,,138.13069253602427,191.76952173211623,433.15366416943766,535.9034890153005,,138.13069253602427,191.76952173211623,433.15366416943766,535.9034890153005,
2024-04-26 00:00:00,128.45728927257753,705.0513726414176,678.1383970077595,648.1177982388849,,128.45728927257753,705.0513726414176,678.1383970077595,648.1177982388849,,128.45728927257753,705.0513726414176,678.1383970077595,648.1177982388849,,128.45728927257753,705.0513726414176,678.1383970077595,648.1177982388849,
2024-04-27 00:00:00,933.505319646005,355.40696367282357,643.9768990017426,526.44099199774,,933.505319646005,355.40696367282357,643.9768990017426,526.44099199774,,933.505319646005,355.40696367282357,643.9768990017426,526.44099199774,,933.505319646005,355.40696367282357,643.9768990017426,526.44099199774,
2024-04-28 00:00:00,841.3395110885649,852.915738281256,201.4194987080573,273.78642845494534,,841.3395110885649,852.915738281256,201.4194987080573,273.78642845494534,,841.3395110885649,852.915738281256,201.4194987080573,273.78642845494534,,841.3395110885649,852.915738281256,201.4194987080573,273.78642845494534,
2024-04-29 00:00:00,347.82900504080703,440.91554243616486,401.64044902950934,530.0789349162148,,347.82900504080703,440.91554243616486,401.64044902950934,530.0789349162148,,347.82900504080703,440.91554243616486,401.64044902950934,530.0789349162148,,347.82900504080703,440.91554243616486,401.64044902950934,530.0789349162148,
2024-04-30 00:00:00,296.0453286091646,626.3614735699041,377.7011637053117,887.2097271621,,296.0453286091646,626.3614735699041,377.7011637053117,887.2097271621,,296.0453286091646,626.3614735699041,377.7011637053117,887.2097271621,,296.0453286091646,626.3614735699041,377.7011637053117,887.2097271621,
2024-05-01 00:00:00,527.7225243582321,306.2385935844302,306.45412124672305,746.7871973127925,,527.7225243582321,306.2385935844302,306.45412124672305,746.7871973127925,,527.7225243582321,306.2385935844302,306.45412124672305,746.7871973127925,,527.7225243582321,306.2385935844302,306.45412124672305,746.7871973127925,
2024-05-02 00:00:00,210.28817684069531,439.20251314232496,717.7025929629673,907.0827099572123,,210.28817684069531,439.20251314232496,717.7025929629673,907.0827099572123,,210.28817684069531,439.20251314232496,717.7025929629673,907.0827099572123,,210.28817684069531,439.20251314232496,717.7025929629673,907.0827099572123,
2024-05-03 00:00:00,639.2797314865172,259.54396021360753,710.7669595065529,340.4223944502688,,639.2797314865172,259.54396021360753,710.7669595065529,340.4223944502688,,639.2797314865172,259.54396021360753,710.7669595065529,340.4223944502688,,639.2797314865172,259.54396021360753,710.7669595065529,340.4223944502688,
2024-05-04 00:00:00,84.12698362036029,338.87731354436005,490.4935508647234,403.323513703653,,84.12698362036029,338.87731354436005,490.4935508647234,403.323513703653,,84.12698362036029,338.87731354436005,490.4935508647234,403.323513703653,,84.12698362036029,338.87731354436005,490.4935508647234,403.323513703653,
2024-05-05 00:00:00,284.82020356844475,800.0398263868677,456.8605987287622,382.7624693989339,,284.82020356844475,800.0398263868677,456.8605987287622,382.7624693989339,,284.82020356844475,800.0398263868677,456.8605987287622,382.7624693989339,,284.82020356844475,800.0398263868677,456.8605987287622,382.7624693989339,
2024-05-06 00:00:00,389.4542370339551,661.6061254634433,277.37631182773623,806.9811259105472,,389.4542370339551,661.6061254634433,277.37631182773623,806.9811259105472,,389.4542370339551,661.6061254634433,277.37631182773623,806.9811259105472,,389.4542370339551,661.6061254634433,277.37631182773623,806.9811259105472,
2024-05-07 00:00:00,493.28933141373386,735.748796441166,388.13657066725403,739.957738988749,,493.28933141373386,735.748796441166,388.13657066725403,739.957738988749,,493.28933141373386,735.748796441166,388.13657066725403,739.957738988749,,493.28933141373386,735.748796441166,388.13657066725403,739.957738988749,
2024-05-08 00:00:00,333.88055999903986,281.2973666626522,129.71489204004703,397.53110435471024,,333.88055999903986,281.2973666626522,129.71489204004703,397.53110435471024,,333.88055999903986,281.2973666626522,129.71489204004703,397.53110435471024,,333.88055999903986,281.2973666626522,129.71489204004703,397.53110435471024,
2024-05-09 00:00:00,225.6101956949349,721.886739518682,638.0511673357847,783.7860822191038,,225.6101956949349,721.886739518682,638.0511673357847,783.7860822191038,,225.6101956949349,721.886739518682,638.0511673357847,783.7860822191038,,225.6101956949349,721.886739518682,638.0511673357847,783.7860822191038,
2024-05-10 00:00:00,497.68225091768,561.893588298793,489.64326270287626,408.4973275514861,,497.68225091768,561.893588298793,489.64326270287626,408.4973275514861,,497.68225091768,561.893588298793,489.64326270287626,408.4973275514861,,497.68225091768,561.893588298793,489.64326270287626,408.4973275514861,
2024-05-11 00:00:00,587.704691092752,658.8878390432492,257.1308404725855,273.57925725600586,,587.704691092752,658.8878390432492,257.1308404725855,273.57925725600586,,587.704691092752,658.8878390432492,257.1308404725855,273.57925725600586,,587.704691092752,658.8878390432492,257.1308404725855,273.57925725600586,
2024-05-12 00:00:00,204.6324659211594,346.2975954638745,108.72408166186561,100.77836413083021,,204.6324659211594,346.2975954638745,108.72408166186561,100.77836413083021,,204.6324659211594,346.2975954638745,108.72408166186561,100.77836413083021,,204.6324659211594,346.2975954638745,108.72408166186561,100.77836413083021,
2024-05-13 00:00:00,202.0110156067608,863.5080388085503,90.49336631446369,821.5912642816177,,202.0110156067608,863.5080388085503,90.49336631446369,821.5912642816177,,202.0110156067608,863.5080388085503,90.49336631446369,821.5912642816177,,202.0110156067608,863.5080388085503,90.49336631446369,821.5912642816177,
2024-05-14 00:00:00,801.464095616254,520.7805026608679,463.9526682522556,342.6291759430882,,801.464095616254,520.7805026608679,463.9526682522556,342.6291759430882,,801.464095616254,520.7805026608679,463.9526682522556,342.6291759430882,,801.464095616254,520.7805026608679,463.9526682522556,342.6291759430882,
2024-05-15 00:00:00,388.33504742394473,873.6567174233633,774.2890393606716,733.1414650161054,,388.33504742394473,873.6567174233633,774.2890393606716,733.1414650161054,,388.33504742394473,873.6567174233633,774.2890393606716,733.1414650161054,,388.33504742394473,873.6567174233633,774.2890393606716,733.1414650161054,
2024-05-16 00:00:00,672.4459836094599,602.4920949052428,444.8792056407383,123.3674037256375,,672.4459836094599,602.4920949052428,444.8792056407383,123.3674037256375,,672.4459836094599,602.4920949052428,444.8792056407383,123.3674037256375,,672.4459836094599,602.4920949052428,444.8792056407383,123.3674037256375,
2024-05-17 00:00:00,972.0288939742154,531.8736306919749,140.29192746735455,877.1987341288732,,972.0288939742154,531.8736306919749,140.29192746735455,877.1987341288732,,972.0288939742154,531.8736306919749,140.29192746735455,877.1987341288732,,972.0288939742154,531.8736306919749,140.29192746735455,877.1987341288732,
2024-05-18 00:00:00,695.7408860760188,172.56052162832952,701.970041283552,475.37848692000546,,695.7408860760188,172.56052162832952,701.970041283552,475.37848692000546,,695.7408860760188,172.56052162832952,701.970041283552,475.37848692000546,,695.7408860760188,172.56052162832952,701.970041283552,475.37848692000546,
2024-05-19 00:00:00,986.2904997043711,791.2291930602479,590.5816952332381,257.37827861084577,,986.2904997043711,791.2291930602479,590.5816952332381,257.37827861084577,,986.2904997043711,791.2291930602479,590.5816952332381,257.37827861084577,,986.2904997043711,791.2291930602479,590.5816952332381,257.37827861084577,
2024-05-20 00:00:00,804.6812523158022,532.7191129999824,207.12614822608765,364.8107662339457,,804.6812523158022,532.7191129999824,207.12614822608765,364.8107662339457,,804.6812523158022,532.7191129999824,207.12614822608765,364.8107662339457,,804.6812523158022,532.7191129999824,207.12614822608765,364.8107662339457,
2024-05-21 00:00:00,100.07679897724913,296.71770643852733,768.4192427309305,220.14842106248847,,100.07679897724913,296.71770643852733,768.4192427309305,220.14842106248847,,100.07679897724913,296.71770643852733,768.4192427309305,220.14842106248847,,100.07679897724913,296.71770643852733,768.4192427309305,220.14842106248847,
2024-05-22 00:00:00,90.14777861960073,903.0692586129803,877.0460308667176,724.2233622732285,,90.14777861960073,903.0692586129803,877.0460308667176,724.2233622732285,,90.14777861960073,903.0692586129803,877.0460308667176,724.2233622732285,,90.14777861960073,903.0692586129803,877.0460308667176,724.2233622732285,
2024-05-23 00:00:00,623.1960012669215,684.2157387391339,780.7467175354253,539.2488832188376,,623.1960012669215,684.2157387391339,780.7467175354253,539.2488832188376,,623.1960012669215,684.2157387391339,780.7467175354253,539.2488832188376,,623.1960012669215,684.2157387391339,780.7467175354253,539.2488832188376,
2024-05-24 00:00:00,103.31138694430979,673.7417579706839,457.1702386646762,257.6373686255739,,103.31138694430979,673.7417579706839,457.1702386646762,257.6373686255739,,103.31138694430979,673.7417579706839,457.1702386646762,257.6373686255739,,103.31138694430979,673.7417579706839,457.1702386646762,257.6373686255739,
2024-05-25 00:00:00,264.3372931313803,475.79754366789007,186.336697520971,255.40485865940707,,264.3372931313803,475.79754366789007,186.336697520971,255.40485865940707,,264.3372931313803,475.79754366789007,186.336697520971,255.40485865940707,,264.3372931313803,475.79754366789007,186.336697520971,255.40485865940707,
2024-05-26 00:00:00,104.83923708536199,834.2053733992955,170.035675957229,333.61437646384445,,104.83923708536199,834.2053733992955,170.035675957229,333.61437646384445,,104.83923708536199,834.2053733992955,170.035675957229,333.61437646384445,,104.83923708536199,834.2053733992955,170.035675957229,333.61437646384445,
2024-05-27 00:00:00,793.878764892196,677.5302024783392,730.6753983789998,469.28975564296155,,793.878764892196,677.5302024783392,730.6753983789998,469.28975564296155,,793.878764892196,677.5302024783392,730.6753983789998,469.28975564296155,,793.878764892196,677.5302024783392,730.6753983789998,469.28975564296155,
2024-05-28 00:00:00,154.20082511411027,264.08717014374724,452.29953305872266,382.49813890345644,,154.20082511411027,264.08717014374724,452.29953305872266,382.49813890345644,,154.20082511411027,264.08717014374724,452.29953305872266,382.49813890345644,,154.20082511411027,264.08717014374724,452.29953305872266,382.49813890345644,
2024-05-29 00:00:00,985.9013481962564,623.8362313325617,601.1182598726241,362.210500517152,,985.9013481962564,623.8362313325617,601.1182598726241,362.210500517152,,985.9013481962564,623.8362313325617,601.1182598726241,362.210500517152,,985.9013481962564,623.8362313325617,601.1182598726241,362.210500517152,
2024-05-30 00:00:00,337.484964926673,603.928510719346,556.1388984025944,270.59163045197954,,337.484964926673,603.928510719346,556.1388984025944,270.59163045197954,,337.484964926673,603.928510719346,556.1388984025944,270.59163045197954,,337.484964926673,603.928510719346,556.1388984025944,270.59163045197954,
2024-05-31 00:00:00,354.49245312089454,615.6718249700724,301.36932797892473,530.4236661555548,,354.49245312089454,615.6718249700724,301.36932797892473,530.4236661555548,,354.49245312089454,615.6718249700724,301.36932797892473,530.4236661555548,,354.49245312089454,615.6718249700724,301.36932797892473,530.4236661555548,
2024-06-01 00:00:00,814.5030256006355,316.197245501045,184.82094176657614,313.2844790223226,,814.5030256006355,316.197245501045,184.82094176657614,313.2844790223226,,814.5030256006355,316.197245501045,184.82094176657614,313.2844790223226,,814.5030256006355,316.197245501045,184.82094176657614,313.2844790223226,
2024-06-02 00:00:00,340.38697748884965,213.53499542161143,434.65544998797077,525.3297820436693,,340.38697748884965,213.53499542161143,434.65544998797077,525.3297820436693,,340.38697748884965,213.53499542161143,434.65544998797077,525.3297820436693,,340.38697748884965,213.53499542161143,434.65544998797077,525.3297820436693,
2024-06-03 00:00:00,981.6320554046928,376.1483795032947,683.1843662650994,776.6551279954671,,981.6320554046928,376.1483795032947,683.1843662650994,776.6551279954671,,981.6320554046928,376.1483795032947,683.1843662650994,776.6551279954671,,981.6320554046928,376.1483795032947,683.1843662650994,776.6551279954671,
2024-06-04 00:00:00,180.72646118332426,850.1824898811052,607.5063210523358,726.8029468169083,,180.72646118332426,850.1824898811052,607.5063210523358,726.8029468169083,,180.72646118332426,850.1824898811052,607.5063210523358,726.8029468169083,,180.72646118332426,850.1824898811052,607.5063210523358,726.8029468169083,
2024-06-05 00:00:00,291.98426086191057,251.97791537350005,433.2337481755227,319.6595496339518,,291.98426086191057,251.97791537350005,433.2337481755227,319.6595496339518,,291.98426086191057,251.97791537350005,433.2337481755227,319.6595496339518,,291.98426086191057,251.97791537350005,433.2337481755227,319.6595496339518,
2024-06-06 00:00:00,497.7886375600174,632.4317634023395,503.6836193460541,809.1315938949675,,497.7886375600174,632.4317634023395,503.6836193460541,809.1315938949675,,497.7886375600174,632.4317634023395,503.6836193460541,809.1315938949675,,497.7886375600174,632.4317634023395,503.6836193460541,809.1315938949675,
2024-06-07 00:00:00,763.8020849140477,915.2745262986118,411.01027946014256,862.3156868596764,,763.8020849140477,915.2745262986118,411.01027946014256,862.3156868596764,,763.8020849140477,915.2745262986118,411.01027946014256,862.3156868596764,,763.8020849140477,915.2745262986118,411.01027946014256,862.3156868596764,
2024-06-08 00:00:00,755.8650974431657,693.1504784021852,421.69424285359304,336.5128785201351,,755.8650974431657,693.1504784021852,421.69424285359304,336.5128785201351,,755.8650974431657,693.1504784021852,421.69424285359304,336.5128785201351,,755.8650974431657,693.1504784021852,421.69424285359304,336.5128785201351,
2024-06-09 00:00:00,840.7137811569227,667.1987007861934,346.1232243263922,365.5709610512098,,840.7137811569227,667.1987007861934,346.1232243263922,365.5709610512098,,840.7137811569227,667.1987007861934,346.1232243263922,365.5709610512098,,840.7137811569227,667.1987007861934,346.1232243263922,365.5709610512098,
2024-06-10 00:00:00,103.32922064224198,405.7756279047533,134.3064765629189,483.1409318073643,,103.32922064224198,405.7756279047533,134.3064765629189,483.1409318073643,,103.32922064224198,405.7756279047533,134.3064765629189,483.1409318073643,,103.32922064224198,405.7756279047533,134.3064765629189,483.1409318073643,
2024-06-11 00:00:00,830.744066464988,725.0158535927134,705.2015614241323,923.4545450589746,,830.744066464988,725.0158535927134,705.2015614241323,923.4545450589746,,830.744066464988,725.0158535927134,705.2015614241323,923.4545450589746,,830.744066464988,725.0158535927134,705.2015614241323,923.4545450589746,
2024-06-12 00:00:00,129.49873308815836,221.35638271116505,335.77906519706244,166.54635587253424,,129.49873308815836,221.35638271116505,335.77906519706244,166.54635587253424,,129.49873308815836,221.35638271116505,335.77906519706244,166.54635587253424,,129.49873308815836,221.35638271116505,335.77906519706244,166.54635587253424,
2024-06-13 00:00:00,534.0241645476024,319.4310099488918,171.01031804071215,566.0244224277419,,534.0241645476024,319.4310099488918,171.01031804071215,566.0244224277419,,534.0241645476024,319.4310099488918,171.01031804071215,566.0244224277419,,534.0241645476024,319.4310099488918,171.01031804071215,566.0244224277419,
2024-06-14 00:00:00,505.9130664388398,400.74543323048124,245.85743713314136,738.8888495783406,,505.9130664388398,400.74543323048124,245.85743713314136,738.8888495783406,,505.9130664388398,400.74543323048124,245.85743713314136,738.8888495783406,,505.9130664388398,400.74543323048124,245.85743713314136,738.8888495783406,
2024-06-15 00:00:00,222.77889263727064,735.8293712664347,393.00486510181486,327.3827558126576,,222.77889263727064,735.8293712664347,393.00486510181486,327.3827558126576,,222.77889263727064,735.8293712664347,393.00486510181486,327.3827558126576,,222.77889263727064,735.8293712664347,393.00486510181486,327.3827558126576,
2024-06-16 00:00:00,868.0848908926878,490.79647580648714,316.0386580918492,584.6901604386484,,868.0848908926878,490.79647580648714,316.0386580918492,584.6901604386484,,868.0848908926878,490.79647580648714,316.0386580918492,584.6901604386484,,868.0848908926878,490.79647580648714,316.0386580918492,584.6901604386484,
2024-06-17 00:00:00,844.3819247429416,618.7038988825282,232.23771444813346,345.74451773522446,,844.3819247429416,618.7038988825282,232.23771444813346,345.74451773522446,,844.3819247429416,618.7038988825282,232.23771444813346,345.74451773522446,,844.3819247429416,618.7038988825282,232.23771444813346,345.74451773522446,
2024-06-18 00:00:00,433.4512516210069,225.11375029342204,466.70503443420495,422.988787071052,,433.4512516210069,225.11375029342204,466.70503443420495,422.988787071052,,433.4512516210069,225.11375029342204,466.70503443420495,422.988787071052,,433.4512516210069,225.11375029342204,466.70503443420495,422.988787071052,
2024-06-19 00:00:00,339.4175342521172,735.9299851773623,617.543863838579,576.1084388007666,,339.4175342521172,735.9299851773623,617.543863838579,576.1084388007666,,339.4175342521172,735.9299851773623,617.543863838579,576.1084388007666,,339.4175342521172,735.9299851773623,617.543863838579,576.1084388007666,
2024-06-20 00:00:00,624.1038744691031,337.8022413611584,711.0257706974731,453.12037258154425,,624.1038744691031,337.8022413611584,711.0257706974731,453.12037258154425,,624.1038744691031,337.8022413611584,711.0257706974731,453.12037258154425,,624.1038744691031,337.8022413611584,711.0257706974731,453.12037258154425,
2024-06-21 00:00:00,621.300809850567,713.1031671100131,462.66928651456385,681.4956287102987,,621.300809850567,713.1031671100131,462.66928651456385,681.4956287102987,,621.300809850567,713.1031671100131,462.66928651456385,681.4956287102987,,621.300809850567,713.1031671100131,462.66928651456385,681.4956287102987,
2024-06-22 00:00:00,331.2697343262455,393.785074639332,239.34821354108212,301.95534265223495,,331.2697343262455,393.785074639332,239.34821354108212,301.95534265223495,,331.2697343262455,393.785074639332,239.34821354108212,301.95534265223495,,331.2697343262455,393.785074639332,239.34821354108212,301.95534265223495,
2024-06-23 00:00:00,498.33326864462447,917.0343252074416,632.064239755788,525.4437779696063,,498.33326864462447,917.0343252074416,632.064239755788,525.4437779696063,,498.33326864462447,917.0343252074416,632.064239755788,525.4437779696063,,498.33326864462447,917.0343252074416,632.064239755788,525.4437779696063,
2024-06-24 00:00:00,229.19902516162458,644.6181879611063,134.62853345634872,216.75416180716786,,229.19902516162458,644.6181879611063,134.62853345634872,216.75416180716786,,229.19902516162458,644.6181879611063,134.62853345634872,216.75416180716786,,229.19902516162458,644.6181879611063,134.62853345634872,216.75416180716786,
2024-06-25 00:00:00,811.5199521890711,475.62447144407224,327.2528442163089,239.40209305403891,,811.5199521890711,475.62447144407224,327.2528442163089,239.40209305403891,,811.5199521890711,475.62447144407224,327.2528442163089,239.40209305403891,,811.5199521890711,475.62447144407224,327.2528442163089,239.40209305403891,
2024-06-26 00:00:00,779.5718497064249,366.76983162892543,347.19736550539216,324.68209690181817,,779.5718497064249,366.76983162892543,347.19736550539216,324.68209690181817,,779.5718497064249,366.76983162892543,347.19736550539216,324.68209690181817,,779.5718497064249,366.76983162892543,347.19736550539216,324.68209690181817,
2024-06-27 00:00:00,578.3422428291357,421.4875926258864,527.7443217999538,183.60303771565628,,578.3422428291357,421.4875926258864,527.7443217999538,183.60303771565628,,578.3422428291357,421.4875926258864,527.7443217999538,183.60303771565628,,578.3422428291357,421.4875926258864,527.7443217999538,183.60303771565628,
2024-06-28 00:00:00,533.8131861684411,931.8208926430067,700.0209415859786,141.45729667918673,,533.8131861684411,931.8208926430067,700.0209415859786,141.45729667918673,,533.8131861684411,931.8208926430067,700.0209415859786,141.45729667918673,,533.8131861684411,931.8208926430067,700.0209415859786,141.45729667918673,
2024-06-29 00:00:00,317.3149406990332,568.371892802437,160.42544195583716,925.6354412177159,,317.3149406990332,568.371892802437,160.42544195583716,925.6354412177159,,317.3149406990332,568.371892802437,160.42544195583716,925.6354412177159,,317.3149406990332,568.371892802437,160.42544195583716,925.6354412177159,
2024-06-30 00:00:00,976.2689301243787,820.467648629945,662.6422751248397,317.62278726947494,,976.2689301243787,820.467648629945,662.6422751248397,317.62278726947494,,976.2689301243787,820.467648629945,662.6422751248397,317.62278726947494,,976.2689301243787,820.467648629945,662.6422751248397,317.62278726947494,
2024-07-01 00:00:00,597.2835317526344,470.7106411168521,634.9446720965677,773.7947512666321,,597.2835317526344,470.7106411168521,634.9446720965677,773.7947512666321,,597.2835317526344,470.7106411168521,634.9446720965677,773.7947512666321,,597.2835317526344,470.7106411168521,634.9446720965677,773.7947512666321,
2024-07-02 00:00:00,910.2539494577577,578.5298804195152,582.4862218533879,627.300243734012,,910.2539494577577,578.5298804195152,582.4862218533879,627.300243734012,,910.2539494577577,578.5298804195152,582.4862218533879,627.300243734012,,910.2539494577577,578.5298804195152,582.4862218533879,627.300243734012,
2024-07-03 00:00:00,960.5459808723555,738.102985891613,528.0119329663673,259.0458642293242,,960.5459808723555,738.102985891613,528.0119329663673,259.0458642293242,,960.5459808723555,738.102985891613,528.0119329663673,259.0458642293242,,960.5459808723555,738.102985891613,528.0119329663673,259.0458642293242,
2024-07-04 00:00:00,985.2410540147091,567.8175074938022,613.7129883504982,137.77932220107456,,985.2410540147091,567.8175074938022,613.7129883504982,137.77932220107456,,985.2410540147091,567.8175074938022,613.7129883504982,137.77932220107456,,985.2410540147091,567.8175074938022,613.7129883504982,137.77932220107456,
2024-07-05 00:00:00,421.5292598636478,399.0632546198011,49.34755274741801,191.0518613338345,,421.5292598636478,399.0632546198011,49.34755274741801,191.0518613338345,,421.5292598636478,399.0632546198011,49.34755274741801,191.0518613338345,,421.5292598636478,399.0632546198011,49.34755274741801,191.0518613338345,
2024-07-06 00:00:00,348.6056502916524,286.8258830788464,167.36170202971482,480.32644918004763,,348.6056502916524,286.8258830788464,167.36170202971482,480.32644918004763,,348.6056502916524,286.8258830788464,167.36170202971482,480.32644918004763,,348.6056502916524,286.8258830788464,167.36170202971482,480.32644918004763,
2024-07-07 00:00:00,402.5665974345055,793.2270660038619,195.0653476171405,937.5422318307537,,402.5665974345055,793.2270660038619,195.0653476171405,937.5422318307537,,402.5665974345055,793.2270660038619,195.0653476171405,937.5422318307537,,402.5665974345055,793.2270660038619,195.0653476171405,937.5422318307537,
2024-07-08 00:00:00,966.4723297844613,206.55126727705667,125.50443447106814,830.7226019221278,,966.4723297844613,206.55126727705667,125.50443447106814,830.7226019221278,,966.4723297844613,206.55126727705667,125.50443447106814,830.7226019221278,,966.4723297844613,206.55126727705667,125.50443447106814,830.7226019221278,
2024-07-09 00:00:00,522.4209615982312,941.3924512518896,752.596955016847,923.277189114079,,522.4209615982312,941.3924512518896,752.596955016847,923.277189114079,,522.4209615982312,941.3924512518896,752.596955016847,923.277189114079,,522.4209615982312,941.3924512518896,752.596955016847,923.277189114079,
2024-07-10 00:00:00,104.87948108075187,261.4075373117946,411.60282402270786,524.9000228391292,,104.87948108075187,261.4075373117946,411.60282402270786,524.9000228391292,,104.87948108075187,261.4075373117946,411.60282402270786,524.9000228391292,,104.87948108075187,261.4075373117946,411.60282402270786,524.9000228391292,
2024-07-11 00:00:00,147.42723157295373,731.7034581267426,134.8351821946212,557.286654281041,,147.42723157295373,731.7034581267426,134.8351821946212,557.286654281041,,147.42723157295373,731.7034581267426,134.8351821946212,557.286654281041,,147.42723157295373,731.7034581267426,134.8351821946212,557.286654281041,
2024-07-12 00:00:00,171.56258997731015,385.219207852958,884.0489486858862,585.0959470834662,,171.56258997731015,385.219207852958,884.0489486858862,585.0959470834662,,171.56258997731015,385.219207852958,884.0489486858862,585.0959470834662,,171.56258997731015,385.219207852958,884.0489486858862,585.0959470834662,
2024-07-13 00:00:00,478.26559418085037,701.8469926352377,697.9363341290865,826.8252125719298,,478.26559418085037,701.8469926352377,697.9363341290865,826.8252125719298,,478.26559418085037,701.8469926352377,697.9363341290865,826.8252125719298,,478.26559418085037,701.8469926352377,697.9363341290865,826.8252125719298,
2024-07-14 00:00:00,842.370883277303,567.4715210606983,139.0336624621846,506.86798931983753,,842.370883277303,567.4715210606983,139.0336624621846,506.86798931983753,,842.370883277303,567.4715210606983,139.0336624621846,506.86798931983753,,842.370883277303,567.4715210606983,139.0336624621846,506.86798931983753,
2024-07-15 00:00:00,567.0980612896982,455.1307453765362,133.44163961531316,442.7258609709442,,567.0980612896982,455.1307453765362,133.44163961531316,442.7258609709442,,567.0980612896982,455.1307453765362,133.44163961531316,442.7258609709442,,567.0980612896982,455.1307453765362,133.44163961531316,442.7258609709442,
2024-07-16 00:00:00,234.77350437528517,170.45777584768538,733.2308577190441,534.6733402202617,,234.77350437528517,170.45777584768538,733.2308577190441,534.6733402202617,,234.77350437528517,170.45777584768538,733.2308577190441,534.6733402202617,,234.77350437528517,170.45777584768538,733.2308577190441,534.6733402202617,
2024-07-17 00:00:00,830.163886197694,316.47927183633254,21.546367793902217,947.861797349439,,830.163886197694,316.47927183633254,21.546367793902217,947.861797349439,,830.163886197694,316.47927183633254,21.546367793902217,947.861797349439,,830.163886197694,316.47927183633254,21.546367793902217,947.861797349439,
2024-07-18 00:00:00,810.120350137727,847.528217566256,514.9694658335413,730.8931209540789,,810.120350137727,847.528217566256,514.9694658335413,730.8931209540789,,810.120350137727,847.528217566256,514.9694658335413,730.8931209540789,,810.120350137727,847.528217566256,514.9694658335413,730.8931209540789,
2024-07-19 00:00:00,323.02771345275596,908.5509046755368,586.3796126052187,521.0048402114608,,323.02771345275596,908.5509046755368,586.3796126052187,521.0048402114608,,323.02771345275596,908.5509046755368,586.3796126052187,521.0048402114608,,323.02771345275596,908.5509046755368,586.3796126052187,521.0048402114608,
2024-07-20 00:00:00,549.9875675902558,268.3526529925754,459.0000944716369,706.0459268965575,,549.9875675902558,268.3526529925754,459.0000944716369,706.0459268965575,,549.9875675902558,268.3526529925754,459.0000944716369,706.0459268965575,,549.9875675902558,268.3526529925754,459.0000944716369,706.0459268965575,
2024-07-21 00:00:00,228.87129081166,392.25928049221005,798.8635724063606,753.4661868180101,,228.87129081166,392.25928049221005,798.8635724063606,753.4661868180101,,228.87129081166,392.25928049221005,798.8635724063606,753.4661868180101,,228.87129081166,392.25928049221005,798.8635724063606,753.4661868180101,
2024-07-22 00:00:00,483.4466640909112,283.59404200682377,79.69562452476397,524.6351796960994,,483.4466640909112,283.59404200682377,79.69562452476397,524.6351796960994,,483.4466640909112,283.59404200682377,79.69562452476397,524.6351796960994,,483.4466640909112,283.59404200682377,79.69562452476397,524.6351796960994,
2024-07-23 00:00:00,953.604239702543,460.1746003561211,684.2958554255067,247.87188099753172,,953.604239702543,460.1746003561211,684.2958554255067,247.87188099753172,,953.604239702543,460.1746003561211,684.2958554255067,247.87188099753172,,953.604239702543,460.1746003561211,684.2958554255067,247.87188099753172,
2024-07-24 00:00:00,531.9222837025114,771.3031801822859,685.3095869729442,706.0604764331694,,531.9222837025114,771.3031801822859,685.3095869729442,706.0604764331694,,531.9222837025114,771.3031801822859,685.3095869729442,706.0604764331694,,531.9222837025114,771.3031801822859,685.3095869729442,706.0604764331694,
2024-07-25 00:00:00,549.7576395723377,268.2629193752671,257.6177927370717,235.08435100021626,,549.7576395723377,268.2629193752671,257.6177927370717,235.08435100021626,,549.7576395723377,268.2629193752671,257.6177927370717,235.08435100021626,,549.7576395723377,268.2629193752671,257.6177927370717,235.08435100021626,
2024-07-26 00:00:00,696.0462197336668,908.8913386118933,303.38950921398384,840.01943272474,,696.0462197336668,908.8913386118933,303.38950921398384,840.01943272474,,696.0462197336668,908.8913386118933,303.38950921398384,840.01943272474,,696.0462197336668,908.8913386118933,303.38950921398384,840.01943272474,
2024-07-27 00:00:00,373.1733622679491,233.6812167644964,600.0231102185036,470.6001573637126,,373.1733622679491,233.6812167644964,600.0231102185036,470.6001573637126,,373.1733622679491,233.6812167644964,600.0231102185036,470.6001573637126,,373.1733622679491,233.6812167644964,600.0231102185036,470.6001573637126,
2024-07-28 00:00:00,232.5877908290314,524.4280764012558,30.274415849839126,825.5212530662932,,232.5877908290314,524.4280764012558,30.274415849839126,825.5212530662932,,232.5877908290314,524.4280764012558,30.274415849839126,825.5212530662932,,232.5877908290314,524.4280764012558,30.274415849839126,825.5212530662932,
2024-07-29 00:00:00,811.1642461100147,783.0636468882632,868.9073015306127,255.77727953387705,,811.1642461100147,783.0636468882632,868.9073015306127,255.77727953387705,,811.1642461100147,783.0636468882632,868.9073015306127,255.77727953387705,,811.1642461100147,783.0636468882632,868.9073015306127,255.77727953387705,
2024-07-30 00:00:00,298.2195915873482,471.954180832543,6.2812654615940415,612.8667499292793,,298.2195915873482,471.954180832543,6.2812654615940415,612.8667499292793,,298.2195915873482,471.954180832543,6.2812654615940415,612.8667499292793,,298.2195915873482,471.954180832543,6.2812654615940415,612.8667499292793,
2024-07-31 00:00:00,772.0049940885407,611.2169956142919,647.3558033939538,581.9077794449653,,772.0049940885407,611.2169956142919,647.3558033939538,581.9077794449653,,772.0049940885407,611.2169956142919,647.3558033939538,581.9077794449653,,772.0049940885407,611.2169956142919,647.3558033939538,581.9077794449653,
